{"reviews": {"n_examples": 969, "BERTScore": {"precision": 0.836561778627559, "recall": 0.8170794140320691, "f1": 0.8260891938849253, "hashcode": "roberta-large_L17_no-idf_version=0.3.11(hug_trans=4.30.2)"}, "BLEU": {"bleu": 0.0027839899422470644, "precisions": [0.24456624456624457, 0.03515473887814313, 0.006403916526555237, 0.0010355104308733647], "brevity_penalty": 0.18016587243855564, "length_ratio": 0.3684764914296658, "translation_length": 42328, "reference_length": 114873, "precision": 0.07179010260045407}, "ROUGE": {"rouge1": 0.11380806522407833, "rouge2": 0.012035451245961105, "rougeL": 0.07281297057150649, "rougeLsum": 0.07265078462729815}, "METEOR": {"meteor": 0.0799387504943394}}, "ratings": {}}