{"reviews": {"n_examples": 2000, "BERTScore": {"precision": 0.8433375608325004, "recall": 0.8081935951411724, "f1": 0.8248447189331055, "hashcode": "roberta-large_L17_no-idf_version=0.3.11(hug_trans=4.30.2)"}, "BLEU": {"bleu": 6.836924099346053e-05, "precisions": [0.25809838495506904, 0.04538722311819109, 0.013969452548481209, 0.008312404937922253], "brevity_penalty": 0.002001955935336658, "length_ratio": 0.13862644959952738, "translation_length": 32383, "reference_length": 233599, "precision": 0.08144186638991589}, "ROUGE": {"rouge1": 0.06642607905731221, "rouge2": 0.014390716453529778, "rougeL": 0.053586786472377544, "rougeLsum": 0.05354680970066415}, "METEOR": {"meteor": 0.04647829123804}}, "ratings": {}}