{"reviews": {"n_examples": 969, "BERTScore": {"precision": 0.836561777889421, "recall": 0.817079411079517, "f1": 0.8260891908093503, "hashcode": "roberta-large_L17_no-idf_version=0.3.11(hug_trans=4.30.2)"}, "BLEU": {"bleu": 0.0027839899422470644, "precisions": [0.24456624456624457, 0.03515473887814313, 0.006403916526555237, 0.0010355104308733647], "brevity_penalty": 0.18016587243855564, "length_ratio": 0.3684764914296658, "translation_length": 42328, "reference_length": 114873, "precision": 0.07179010260045407}, "ROUGE": {"rouge1": 0.11338820168381508, "rouge2": 0.012029645555807319, "rougeL": 0.07289120532884871, "rougeLsum": 0.07280729791217433}, "METEOR": {"meteor": 0.0799387504943394}}, "ratings": {}}