{"reviews": {"n_examples": 2000, "BERTScore": {"precision": 0.8422069794535637, "recall": 0.8135732614994049, "f1": 0.8270294816493988, "hashcode": "roberta-large_L17_no-idf_version=0.3.11(hug_trans=4.30.2)"}, "BLEU": {"bleu": 0.0006950810637140342, "precisions": [0.25393299709409134, 0.034019834824976676, 0.005832712831968231, 0.0015927313532786737], "brevity_penalty": 0.04129707963903158, "length_ratio": 0.23883657017953228, "translation_length": 59878, "reference_length": 250707, "precision": 0.07384456902607874}, "ROUGE": {"rouge1": 0.0903165667568427, "rouge2": 0.012346363834804756, "rougeL": 0.06869318729948859, "rougeLsum": 0.06853340833164054}, "METEOR": {"meteor": 0.0571642379975152}}, "ratings": {}}