{"reviews": {"n_examples": 2000, "BERTScore": {"precision": 0.8464578127562999, "recall": 0.8178025540113449, "f1": 0.8312791959047318, "hashcode": "roberta-large_L17_no-idf_version=0.3.11(hug_trans=4.30.2)"}, "BLEU": {"bleu": 0.0033342284323098657, "precisions": [0.26670899070672144, 0.040801310528653933, 0.008392006258445345, 0.0025014179549453907], "brevity_penalty": 0.1525121322559987, "length_ratio": 0.3471606096131301, "translation_length": 74032, "reference_length": 213250, "precision": 0.07960093136219153}, "ROUGE": {"rouge1": 0.11358479919546977, "rouge2": 0.01576000534332627, "rougeL": 0.07414075004150454, "rougeLsum": 0.07402256939880013}, "METEOR": {"meteor": 0.07767591235054983}}, "ratings": {}}