{"train": {"n_examples": 561052, "n_non_numerical": 0, "rmse": 0.8506060928854219, "mae": 0.6703102333090459, "precision": 0.8648093224870422, "recall": 0.9965697084252162, "f1": 0.9131205206652181, "auc": 0.7671133060954534, "non_numerical_examples": []}, "test": {"n_examples": 140264, "n_non_numerical": 0, "rmse": 1.4411690256367782, "mae": 1.199538567285993, "precision": 0.7156718758911766, "recall": 0.9997198795482057, "f1": 0.8336482591484906, "auc": 0.5054917158923949, "non_numerical_examples": []}}