{"train": {"n_examples": 561052, "n_non_numerical": 0, "rmse": 0.9133801660001198, "mae": 0.7350491953650592, "precision": 0.8386816195290276, "recall": 0.9983773620757764, "f1": 0.8982074854185271, "auc": 0.7202724499563542, "non_numerical_examples": []}, "test": {"n_examples": 140264, "n_non_numerical": 0, "rmse": 1.4109265736365302, "mae": 1.1505773489372682, "precision": 0.7266868191410483, "recall": 0.9842832417939714, "f1": 0.8369430219303469, "auc": 0.5360793984542338, "non_numerical_examples": []}}