{"reviews": {"n_examples": 860, "BERTScore": {"precision": 0.8335735734812049, "recall": 0.8154379500206127, "f1": 0.823764422605204, "hashcode": "roberta-large_L17_no-idf_version=0.3.11(hug_trans=4.30.2)"}, "BLEU": {"bleu": 0.0036626011931137252, "precisions": [0.2561484437764014, 0.039706311129959974, 0.009101497954871739, 0.002323330106485963], "brevity_penalty": 0.17007711008232942, "length_ratio": 0.36081500598444044, "translation_length": 38587, "reference_length": 106944, "precision": 0.07681989574192977}, "ROUGE": {"rouge1": 0.11603926682993565, "rouge2": 0.013349605186002788, "rougeL": 0.073571639576818, "rougeLsum": 0.07374852236195414}, "METEOR": {"meteor": 0.07989759181743596}}, "ratings": {}}