{"reviews": {"n_examples": 2000, "BERTScore": {"precision": 0.8420957437753678, "recall": 0.8109929670393466, "f1": 0.8256969852745533, "hashcode": "roberta-large_L17_no-idf_version=0.3.11(hug_trans=4.30.2)"}, "BLEU": {"bleu": 0.0004994050926314406, "precisions": [0.26261620185922974, 0.03908218843996423, 0.008430433236407757, 0.0032713277742142397], "brevity_penalty": 0.021651320086213878, "length_ratio": 0.2069241431706223, "translation_length": 51204, "reference_length": 247453, "precision": 0.07835003782745399}, "ROUGE": {"rouge1": 0.07895608912241106, "rouge2": 0.013441492984559288, "rougeL": 0.060002294659346034, "rougeLsum": 0.059907382533377754}, "METEOR": {"meteor": 0.051637697732013335}}, "ratings": {}}